﻿BIRD_STATUS,BIRD_STATUS_DESCRIPTION,BIRD_STATUS_EXPLAIN_TEXT
3,Normal wild bird.,"Normal, wild bird: released in same 10-minute block as captured: held 24 hours or less. Can be used with all additional information codes except 40 and 41."
4,"Hand-reared, game-farm or hacked bird.","Hand-reared or hacked: raised in captivity from egg or taken as nestling or orphan. Banding location, age, sex, and date banded must be those at release. Hand-rearing may include transporting. If a hand-reared bird is also injured, use additional information code 85. Capture location and date must be given in ""Remarks"". Can be used with all additional information codes except 03, 04, 70, 71, 87 and 88."
6,Obsolete - Experimental bird.,"Obsolete. Formerly used with experimental birds that were color-marked (using markers other than leg bands), transported, etc. There are a few records left in the file with status 685 (experimental/miscellaneous). Status 6 may not be used on new bandings."
9,Obsolete - Dog caught bird.,"Obsolete. Formerly used with dog-caught birds in conjunction with additional information codes 90-99, unless the bird was uninjured, in which case it was permissible to treat it experimentally. There are no records in the file with status 9."
2,Transported.,"Transported to a different 10-minute block, but otherwise normal wild bird (requires an additional permit from Federal Law Enforcement and/or State agencies): may or may not be held for longer than 24 hours. Banding location, age, sex, and date banded must be those at release. Capture location and date must be given in ""Remarks"". Can be used with all additional information codes except 03, 04, 40 and 41."
7,Rehabilitated and held.,"Rehabilitated and held longer than 24 hours: sick, exhausted, injured, or crippled: (assumes that transportation and/or blood sampling may be involved). Requires an explanation in ""Remarks"", including capture location, a short description of the injury and how long it was in captivity (under 250 characters). Rehab birds should NOT be banded before they are ready for release. Banding location, age, sex, and date banded must be those at release. Can be used with all additional information codes except 03, 04, 09, 10, 18, 19, 33, 34, 70 and 71."
8,Held for longer than 24 hours for experimental or other purposes.,"Held for longer than 24 hours for experimental or other purposes (including falconry under Federal and State falconry permits) otherwise normal, wild. Status 8 may include transporting, but if held only for transporting use status code 2. Holding for experimentation and transporting both require an additional permit from Fish and Wildlife Service Regional Office and/or State agencies. Age, sex, and banding date must be those at release. Requires an explanation in Remarks, including capture date and location. Can be used with all additional information codes except 03, 04, 40 and 41."
5,"Sick, Exhausted, Over-stressed, Injured, or Physical Deformity.","Sick, Exhausted, Over-stressed (or shock), Injured (old or new injury), or with a Physical Deformity; held 24 hours or less: may or may not be treated or transported. Requires an explanation in the ""Remarks"". Can be used with all additional information codes except 03, 04, 09 and 10."
-,Dead bird (banding-related mortality).,Dead bird (banding-related mortality).