"orderId,productName,category,sellingPrice,shipping,totalPrice"
"tb701343926,Exploding Kittens - A Russian Roulette Card Game,Toys & Games,19.99,standard,22.98"
"jk664905092,Richard Scarry's Cars and Trucks and Things That Go,Children's Books,11.00,2-day,15.99"
"lm255269538,Kootek Camping Hammock Double & Single Portable Hammocks with 2 Tree Straps,Sports & Outdoors,26.99,free,26.99"
"cr180186416,Swing Set Stuff Climbing Rope with Steps (Blue) & SSS Logo Sticker,Toys & Games,15.99,standard,18.98"
"ef049909573,World of Nintendo Mario Bros U Boo Plush,Video Games,11.99,standard,14.98"